{"train_loss": [0.9925919844823725, 0.25265499590074314, 0.11454310154213625, 0.07827895658419412, 0.06093059900928946, 0.05023032250430654, 0.041782625271555254, 0.0405341272297151, 0.04075516217442996, 0.03980232955449644, 0.03708439475363668, 0.03581104666980751, 0.03463857237194829, 0.03266311405117021, 0.03173346955274396, 0.03556358274072409, 0.029034108794568216, 0.033745765765471496, 0.02767273247899378, 0.031703025828499126, 0.03417133634143016, 0.028802952077239753, 0.03225416143643944, 0.03309485582799158, 0.02944146343780791, 0.027688292337252812, 0.0298199216287364, 0.03331319049329442, 0.03090077006970258, 0.030059374674387716, 0.025234697663280018, 0.026601535081863404, 0.02953040941947085, 0.026685814629308878, 0.025007041435524385, 0.02742292473832255, 0.029547000791439237, 0.027481309327242128, 0.02892533048220417, 0.028370915194425514, 0.024446910584126326, 0.02637785966918968, 0.02540062070988557, 0.02345143750529079, 0.03448230441221419, 0.02287537098643096, 0.024531820364406005, 0.02294006820439416, 0.027139015850501463, 0.028341300892369713, 0.024382665506838, 0.02500634859316051, 0.026241051838459338, 0.026865482587805564, 0.02938501967719811, 0.02289731382008861, 0.025411394800004712, 0.02743671545484925, 0.019475821216645487, 0.027069744675913276, 0.02623355029945207, 0.031212312851429863, 0.027411213530884947, 0.02498461240765584, 0.02612220737809206, 0.027889514299493063, 0.02892557300545056, 0.026943993612247356, 0.027666728824431844, 0.027967560048872495, 0.029631232012830237, 0.03175574381945326, 0.025833941407172996, 0.02483100876047769, 0.026319969661862536, 0.028999062272829605, 0.02795656207428478, 0.03048018797109013, 0.027218729357563837, 0.025109285843449042, 0.0267083486487322, 0.02911802740110194, 0.024779962096363305, 0.027409782698925803, 0.0303068474318613, 0.023740780687726597, 0.025747426565024344, 0.026678031869232656, 0.025875281501451835, 0.02783764502417077, 0.02710170516032068, 0.02917559406144873, 0.028905764700132695, 0.024399455340907854, 0.026658903714269398, 0.030083389321396894, 0.025836299302275566, 0.030893975597641923, 0.025650469997130772, 0.025274334431571118], "train_acc": [85.90925857617115, 99.37292511988196, 99.59424566580597, 99.66801918111398, 99.66801918111398, 99.66801918111398, 99.66801918111398, 99.63113242345997, 99.63113242345997, 99.63113242345997, 99.63113242345997, 99.66801918111398, 99.66801918111398, 99.66801918111398, 99.66801918111398, 99.66801918111398, 99.66801918111398, 99.59424566580597, 99.59424566580597, 99.66801918111398, 99.63113242345997, 99.66801918111398, 99.66801918111398, 99.63113242345997, 99.59424566580597, 99.66801918111398, 99.66801918111398, 99.59424566580597, 99.63113242345997, 99.59424566580597, 99.63113242345997, 99.70490593876798, 99.66801918111398, 99.66801918111398, 99.66801918111398, 99.66801918111398, 99.66801918111398, 99.66801918111398, 99.63113242345997, 99.66801918111398, 99.66801918111398, 99.63113242345997, 99.66801918111398, 99.66801918111398, 99.63113242345997, 99.63113242345997, 99.66801918111398, 99.63113242345997, 99.66801918111398, 99.59424566580597, 99.66801918111398, 99.66801918111398, 99.66801918111398, 99.59424566580597, 99.55735890815197, 99.66801918111398, 99.63113242345997, 99.63113242345997, 99.66801918111398, 99.66801918111398, 99.66801918111398, 99.63113242345997, 99.66801918111398, 99.66801918111398, 99.66801918111398, 99.63113242345997, 99.66801918111398, 99.63113242345997, 99.66801918111398, 99.63113242345997, 99.63113242345997, 99.66801918111398, 99.59424566580597, 99.66801918111398, 99.66801918111398, 99.63113242345997, 99.59424566580597, 99.66801918111398, 99.59424566580597, 99.63113242345997, 99.63113242345997, 99.66801918111398, 99.66801918111398, 99.66801918111398, 99.63113242345997, 99.66801918111398, 99.66801918111398, 99.66801918111398, 99.63113242345997, 99.55735890815197, 99.66801918111398, 99.55735890815197, 99.66801918111398, 99.66801918111398, 99.66801918111398, 99.63113242345997, 99.66801918111398, 99.66801918111398, 99.66801918111398, 99.70490593876798], "val_loss": [0.2753899456425147, 0.07412188042971221, 0.038304057480259376, 0.02487577785822478, 0.021624678957530043, 0.017664387335323474, 0.01780404601330784, 0.01517789388625798, 0.015390018435110423, 0.0167690686119551, 0.01578410049180754, 0.015413525159767067, 0.016710927096110852, 0.015222537521780892, 0.014729047194123268, 0.016150032820984383, 0.016651928033256394, 0.016660202299879693, 0.01615765352669934, 0.01779117624656382, 0.017521787982497535, 0.017864598548674785, 0.017209041601745412, 0.016276523216881535, 0.017691406529841268, 0.01790403369390829, 0.017341965949692003, 0.017187282162591477, 0.01715248115678233, 0.017430074626728045, 0.017051629603057252, 0.017396756016585805, 0.01743636177111925, 0.017060890492178838, 0.01798561887170019, 0.01797598671559668, 0.017971779895808802, 0.01698848449318162, 0.0173126569875008, 0.01769754089235159, 0.018139369309541176, 0.017197044082091783, 0.018028771065556528, 0.01767028734585355, 0.017741758169987323, 0.01802848850175823, 0.016632344724546947, 0.017076888158705762, 0.017651720221196723, 0.017970689577685498, 0.0180430283812298, 0.016559377130099827, 0.01813526679920456, 0.016882359605832873, 0.01859449362911453, 0.01640378864778375, 0.017996366701977837, 0.017005491635328242, 0.017055593671763992, 0.01790582553737543, 0.016558067851953885, 0.018100128186316313, 0.017448284438366747, 0.01753451357415708, 0.018394323901950636, 0.017693326411641796, 0.01876368032323874, 0.01770195882471109, 0.018887083779025652, 0.017197954619239845, 0.016994289836888624, 0.016943033604713328, 0.017376749382079157, 0.01752611721167341, 0.016747709276387468, 0.016564021721768022, 0.016966921801213175, 0.01631706971833906, 0.01784448841300962, 0.016990853407399052, 0.017279999925945463, 0.01685170094292103, 0.016790471310907214, 0.018771563866969453, 0.016860050313301723, 0.0184290222029879, 0.017073428102197464, 0.016942818027349527, 0.016311538516840137, 0.017376420641085133, 0.01757980986836959, 0.016957412426232953, 0.017395163177173923, 0.01737114607716318, 0.016687256043290043, 0.016699692416957325, 0.017107025765157727, 0.017894968959312377, 0.016610085728726433, 0.01768401665189727],